<keymap version="1" name="macOS copy" parent="Mac OS X 10.5+">
  <action id="ActivateFindToolWindow" />
  <action id="ActivateMessagesToolWindow">
    <keyboard-shortcut first-keystroke="meta 3" />
  </action>
  <action id="ActivateTerminalToolWindow">
    <keyboard-shortcut first-keystroke="meta j" />
  </action>
  <action id="ActivateVersionControlToolWindow" />
  <action id="ChangesView.ToggleCommitUi" />
  <action id="CheckinProject" />
  <action id="Console.TableResult.Reload" />
  <action id="ConsoleView.ClearAll">
    <keyboard-shortcut first-keystroke="meta k" />
  </action>
  <action id="FileChooser.GotoModule" />
  <action id="Git.Commit.Stage" />
  <action id="Github.PullRequest.Comments.Reload" />
  <action id="Github.PullRequest.Details.Reload" />
  <action id="GotoLine" />
  <action id="GotoRow" />
  <action id="InsertLiveTemplate" />
  <action id="Refresh" />
  <action id="Replace" />
  <action id="Rerun" />
  <action id="Run">
    <keyboard-shortcut first-keystroke="meta r" />
  </action>
  <action id="ShowErrorDescription" />
  <action id="Svn.RefreshWorkingCopies" />
  <action id="Terminal.ClearBuffer" />
  <action id="ToggleLineBreakpoint">
    <keyboard-shortcut first-keystroke="meta 9" />
  </action>
  <action id="UsageFiltering.ReadAccess" />
  <action id="Vcs.Log.FocusTextFilter" />
  <action id="Vcs.Log.Refresh" />
</keymap>