<keymap version="1" name="Shiva-macOS" parent="Mac OS X 10.5+">
  <action id="ActivateBuildToolWindow">
    <keyboard-shortcut first-keystroke="meta 7" />
  </action>
  <action id="ActivateStructureToolWindow" />
  <action id="ActivateTerminalToolWindow">
    <keyboard-shortcut first-keystroke="meta j" />
  </action>
  <action id="ActivateVersionControlToolWindow" />
  <action id="ChangesView.ToggleCommitUi" />
  <action id="CheckinProject" />
  <action id="CompileDirty">
    <keyboard-shortcut first-keystroke="meta f9" />
    <keyboard-shortcut first-keystroke="meta b" />
  </action>
  <action id="ConsoleView.ClearAll">
    <keyboard-shortcut first-keystroke="shift back_space" />
  </action>
  <action id="Debug">
    <keyboard-shortcut first-keystroke="shift meta r" />
  </action>
  <action id="EditorBackSpace">
    <keyboard-shortcut first-keystroke="back_space" />
  </action>
  <action id="EditorCutLineEnd" />
  <action id="EditorJoinLines" />
  <action id="EditorScrollDown">
    <keyboard-shortcut first-keystroke="shift ctrl j" />
  </action>
  <action id="EditorScrollUp">
    <keyboard-shortcut first-keystroke="shift ctrl k" />
  </action>
  <action id="Git.Commit.Stage" />
  <action id="Github.PullRequest.Changes.Reload" />
  <action id="Github.PullRequest.Comments.Reload" />
  <action id="Github.PullRequest.Details.Reload" />
  <action id="Github.PullRequest.List.Reload" />
  <action id="Github.PullRequest.Timeline.Update" />
  <action id="GotoDeclaration">
    <mouse-shortcut keystroke="meta button1" />
    <mouse-shortcut keystroke="Force touch" />
    <mouse-shortcut keystroke="button2" />
  </action>
  <action id="GuiDesigner.QuickJavadoc">
    <keyboard-shortcut first-keystroke="f1" />
    <mouse-shortcut keystroke="control button2" />
  </action>
  <action id="InsertLiveTemplate" />
  <action id="NextTab">
    <keyboard-shortcut first-keystroke="shift meta close_bracket" />
  </action>
  <action id="PreviousTab">
    <keyboard-shortcut first-keystroke="shift meta open_bracket" />
  </action>
  <action id="QuickJavaDoc">
    <keyboard-shortcut first-keystroke="f1" />
    <mouse-shortcut keystroke="control button2" />
  </action>
  <action id="Refresh" />
  <action id="Replace" />
  <action id="ReplaceInPath" />
  <action id="Rerun" />
  <action id="Resume">
    <keyboard-shortcut first-keystroke="f9" />
  </action>
  <action id="Run">
    <keyboard-shortcut first-keystroke="meta r" />
  </action>
  <action id="SearchEverywhere.NextTab" />
  <action id="ShowErrorDescription">
    <keyboard-shortcut first-keystroke="meta k" second-keystroke="meta i" />
  </action>
  <action id="Stop">
    <keyboard-shortcut first-keystroke="ctrl c" />
  </action>
  <action id="Terminal.ClearBuffer">
    <keyboard-shortcut first-keystroke="meta l" />
  </action>
  <action id="ToggleLineBreakpoint">
    <keyboard-shortcut first-keystroke="meta 9" />
  </action>
  <action id="UsageView.Include" />
  <action id="UsageView.Rerun" />
  <action id="Vcs.Log.ShowTooltip">
    <keyboard-shortcut first-keystroke="f1" />
    <mouse-shortcut keystroke="control button2" />
  </action>
  <action id="hg4idea.QRefresh" />
  <action id="org.intellij.plugins.markdown.ui.actions.styling.ToggleBoldAction" />
</keymap>